gm,date,tm,h_a,opp,result,r,ra,inn,record,rank,gb,win,loss,save,time,d_n,attendance,c_li,streak,orig_scheduled,year
4,"Tuesday, Apr 12",CHW,H,SEA,W,3,2,NA,3-1,1,up 0.5,López,Brash,Hendriks,03:22:00,D,36948,1.01,3,NA,2022
5,"Wednesday, Apr 13",CHW,H,SEA,W,6,4,NA,4-1,1,up 0.5,Keuchel,Ray,Hendriks,02:54:00,N,12291,1.06,4,NA,2022
6,"Thursday, Apr 14",CHW,H,SEA,L,1,5,NA,4-2,1,Tied,Gilbert,Lambert,NA,03:01:00,D,13391,1.08,-1,NA,2022
7,"Friday, Apr 15",CHW,H,TBR,W,3,2,NA,5-2,1,up 1.0,Cease,Rasmussen,Hendriks,02:51:00,N,19009,1.02,1,NA,2022
8,"Saturday, Apr 16",CHW,H,TBR,W,3,2,NA,6-2,1,up 2.0,López,Thompson,Hendriks,02:50:00,D,27113,1.1,2,NA,2022
9,"Sunday, Apr 17",CHW,H,TBR,L,3,9,NA,6-3,1,up 2.0,Mazza,Velasquez,NA,03:35:00,D,17798,1.11,-1,NA,2022
16,"Tuesday, Apr 26",CHW,H,KCR,L,0,6,NA,6-10,4,2.5,Lynch,Keuchel,NA,03:20:00,N,12031,0.91,-8,NA,2022
17,"Wednesday, Apr 27",CHW,H,KCR,W,7,3,NA,7-10,2,2.5,Sousa,Snider,Graveman,02:42:00,D,12363,0.82,1,NA,2022
18,"Thursday, Apr 28",CHW,H,KCR,L,2,5,10,7-11,3,3.5,Barlow,Bummer,Clarke,03:20:00,D,11242,0.87,-1,NA,2022
19,"Friday, Apr 29",CHW,H,LAA,L,1,5,NA,7-12,4,3.5,Warren,Giolito,Iglesias,03:19:00,N,23709,0.8,-2,NA,2022
20,"Saturday, Apr 30",CHW,H,LAA,W,4,0,NA,8-12,3,3.5,Velasquez,Suarez,NA,02:55:00,D,33762,0.75,1,NA,2022
21,"Sunday, May 1",CHW,H,LAA,L,5,6,NA,8-13,3,4.5,Lorenzen,Keuchel,Tepera,03:15:00,D,27664,0.86,-1,NA,2022
22,"Monday, May 2",CHW,H,LAA,W,3,0,NA,9-13,3,4.5,Cease,Sandoval,Hendriks,02:39:00,D,13112,0.72,1,NA,2022
28,"Monday, May 9",CHW,H,CLE,L,9,12,11,14-14,3,3.5,Clase,Burr,Stephan,04:13:00,N,17168,1.09,-1,NA,2022
29,"Tuesday, May 10",CHW,H,CLE,W,4,1,NA,15-14,2,2.5,Giolito,Quantrill,Graveman,02:43:00,N,16025,0.99,1,NA,2022
30,"Thursday, May 12",CHW,H,NYY,L,7,15,NA,15-15,2,2.0,Loaisiga,Kelly,NA,03:56:00,N,20050,1.06,-1,NA,2022
31,"Friday, May 13",CHW,H,NYY,L,4,10,NA,15-16,2,3.0,Cole,Velasquez,NA,03:21:00,N,28877,0.96,-2,NA,2022
32,"Saturday, May 14",CHW,H,NYY,W-wo,3,2,NA,16-16,2,2.0,Hendriks,Chapman,NA,03:27:00,N,32830,0.89,1,NA,2022
33,"Sunday, May 15",CHW,H,NYY,L,1,5,NA,16-17,2,3.0,Cortés,Kopech,NA,02:32:00,D,29500,0.98,-1,NA,2022
42,"Tuesday, May 24",CHW,H,BOS,L,3,16,NA,21-21,2,5.5,Pivetta,Cease,NA,03:41:00,N,21835,0.99,-1,NA,2022
43,"Wednesday, May 25",CHW,H,BOS,W,3,1,NA,22-21,2,4.5,Giolito,Hill,Hendriks,02:58:00,N,21075,0.93,1,NA,2022
44,"Thursday, May 26",CHW,H,BOS,L,7,16,NA,22-22,2,4.5,Schreiber,Keuchel,NA,04:02:00,N,24896,1.02,-1,NA,2022
45,"Saturday, May 28",CHW,H,CHC,L,1,5,NA,22-23,2,5.0,Thompson,Cueto,NA,03:03:00,N,37820,0.89,-2,NA,2022
46,"Sunday, May 29",CHW,H,CHC,W-wo,5,4,12,23-23,2,5.0,Foster,Gsellman,NA,03:54:00,D,38080,0.86,1,NA,2022
53,"Tuesday, Jun 7",CHW,H,LAD,W,4,0,NA,26-27,2,4.0,Kopech,Bickford,NA,02:49:00,N,25625,0.8,3,NA,2022
54,"Wednesday, Jun 8",CHW,H,LAD,L,1,4,NA,26-28,3,5.0,Gonsolin,Cueto,Hudson,02:36:00,N,25078,0.85,-1,NA,2022
55,"Thursday, Jun 9",CHW,H,LAD,L,9,11,NA,26-29,3,5.0,Graterol,Cease,NA,04:13:00,D,25482,0.78,-2,NA,2022
56,"Friday, Jun 10",CHW,H,TEX,W,8,3,NA,27-29,3,5.0,Graveman,King,NA,02:59:00,N,24270,0.77,1,NA,2022
57,"Saturday, Jun 11",CHW,H,TEX,L,9,11,10,27-30,3,6.0,Moore,Foster,NA,04:03:00,D,30221,0.83,-1,NA,2022
58,"Sunday, Jun 12",CHW,H,TEX,L,6,8,12,27-31,3,6.0,Barlow,Foster,Allard,04:17:00,D,31096,0.75,-2,NA,2022
65,"Monday, Jun 20",CHW,H,TOR,W,8,7,NA,32-33,3,4.5,Lynn,Berríos,Kelly,02:55:00,N,22482,0.83,1,NA,2022
66,"Tuesday, Jun 21",CHW,H,TOR,W-wo,7,6,12,33-33,3,3.5,Velasquez,Gage,NA,04:23:00,N,20529,0.87,2,NA,2022
67,"Wednesday, Jun 22",CHW,H,TOR,L,5,9,NA,33-34,3,4.5,Stripling,Giolito,NA,03:07:00,D,19406,0.89,-1,NA,2022
68,"Thursday, Jun 23",CHW,H,BAL,L,0,4,NA,33-35,3,4.5,Kremer,Cueto,López,03:11:00,N,22431,0.78,-2,NA,2022
69,"Friday, Jun 24",CHW,H,BAL,L,1,4,NA,33-36,3,4.5,Krehbiel,Kopech,López,02:55:00,N,27943,0.76,-3,NA,2022
70,"Saturday, Jun 25",CHW,H,BAL,L,2,6,NA,33-37,3,5.5,Watkins,Lynn,NA,02:48:00,D,29282,0.69,-4,NA,2022
71,"Sunday, Jun 26",CHW,H,BAL,W,4,3,NA,34-37,3,5.5,Cease,Lyles,Graveman,02:35:00,D,29191,0.62,1,NA,2022
78,"Monday, Jul 4",CHW,H,MIN,L,3,6,10,38-40,3,5.5,Pagán,Kelly,NA,03:13:00,N,32483,0.89,-1,NA,2022
79,"Tuesday, Jul 5",CHW,H,MIN,L,2,8,NA,38-41,3,6.5,Winder,Kopech,NA,02:59:00,N,18566,0.82,-2,NA,2022
80,"Wednesday, Jul 6",CHW,H,MIN,W-wo,9,8,10,39-41,3,5.5,Ruiz,Morán,NA,03:47:00,D,18393,0.73,1,NA,2022
81,"Thursday, Jul 7",CHW,H,DET,L,1,2,NA,39-42,3,6.0,Brieske,Cease,Soto,03:00:00,N,21876,0.71,-1,NA,2022
82,"Friday, Jul 8",CHW,H,DET,L,5,7,NA,39-43,3,6.0,Skubal,Giolito,Fulmer,02:56:00,N,29215,0.62,-2,NA,2022
83,"Saturday, Jul 9",CHW,H,DET,W,8,0,NA,40-43,3,5.0,Cueto,Hill,NA,02:35:00,D,29215,0.6,1,NA,2022
84,"Sunday, Jul 10",CHW,H,DET,W,4,2,NA,41-43,3,5.0,Graveman,Fulmer,Hendriks,02:46:00,D,31072,0.66,2,NA,2022
93,"Friday, Jul 22",CHW,H,CLE,L,2,8,NA,46-47,3,3.5,Quantrill,Giolito,NA,03:20:00,N,31379,0.91,-1,NA,2022
94,"Saturday, Jul 23 (1)",CHW,H,CLE,L,4,7,NA,46-48,3,4.0,Stephan,Hendriks,Clase,02:58:00,D,18518,0.87,-2,2022-05-11 (Covid),2022
95,"Saturday, Jul 23 (2)",CHW,H,CLE,W,5,4,NA,47-48,3,4.0,Kelly,Shaw,Foster,03:06:00,N,26329,0.79,1,NA,2022
96,"Sunday, Jul 24",CHW,H,CLE,W,6,3,NA,48-48,3,4.0,Cease,Bieber,NA,02:31:00,D,30831,0.88,2,NA,2022
99,"Friday, Jul 29",CHW,H,OAK,L,3,7,NA,49-50,3,3.0,Kaprielian,Lynn,NA,02:54:00,N,28503,0.77,-2,NA,2022
100,"Saturday, Jul 30",CHW,H,OAK,W-wo,3,2,NA,50-50,3,3.0,Hendriks,Jackson,NA,02:50:00,N,28142,0.72,1,NA,2022
101,"Sunday, Jul 31",CHW,H,OAK,W,4,1,NA,51-50,3,2.0,Cease,Oller,Hendriks,02:42:00,D,30028,0.78,2,NA,2022
102,"Monday, Aug 1",CHW,H,KCR,L,1,2,NA,51-51,3,3.0,Lynch,Kopech,Barlow,02:55:00,N,17500,0.86,-1,NA,2022
103,"Tuesday, Aug 2",CHW,H,KCR,W,9,2,NA,52-51,3,2.0,Giolito,Keller,NA,02:52:00,N,24361,0.76,1,NA,2022
104,"Wednesday, Aug 3",CHW,H,KCR,W,4,1,NA,53-51,3,2.0,Lynn,Singer,Hendriks,02:35:00,D,19753,0.83,2,NA,2022
113,"Friday, Aug 12",CHW,H,DET,W,2,0,NA,57-56,3,3.5,López,Lange,Hendriks,02:53:00,N,33015,0.79,1,NA,2022
114,"Saturday, Aug 13",CHW,H,DET,W,6,4,NA,58-56,3,2.5,Giolito,Jiménez,Hendriks,02:46:00,N,29458,0.79,2,NA,2022
115,"Sunday, Aug 14",CHW,H,DET,W,5,3,NA,59-56,2,2.5,Lynn,Alexander,Graveman,02:57:00,D,32154,0.88,3,NA,2022
116,"Monday, Aug 15",CHW,H,HOU,W,4,2,NA,60-56,2,2.0,Cueto,Montero,Hendriks,02:33:00,N,18205,0.98,4,NA,2022
117,"Tuesday, Aug 16",CHW,H,HOU,W,4,3,NA,61-56,2,1.0,Lambert,Neris,Hendriks,03:10:00,N,23476,1.02,5,NA,2022
118,"Wednesday, Aug 17",CHW,H,HOU,L,2,3,NA,61-57,3,2.0,Valdez,Kopech,Pressly,03:06:00,N,24671,1.05,-1,NA,2022
119,"Thursday, Aug 18",CHW,H,HOU,L,5,21,NA,61-58,3,2.5,Garcia,Giolito,NA,03:53:00,D,24407,0.96,-2,NA,2022
126,"Friday, Aug 26",CHW,H,ARI,L,2,7,NA,63-63,3,4.0,Henry,Cueto,NA,02:40:00,N,33054,0.72,-2,NA,2022
127,"Saturday, Aug 27",CHW,H,ARI,L,5,10,NA,63-64,3,5.0,Kelly,Martin,NA,03:32:00,N,25837,0.63,-3,NA,2022
128,"Sunday, Aug 28",CHW,H,ARI,L,2,3,NA,63-65,3,5.0,Ramirez,Graveman,Kennedy,02:50:00,D,29781,0.49,-4,NA,2022
129,"Tuesday, Aug 30",CHW,H,KCR,L,7,9,NA,63-66,3,6.0,Cuas,Giolito,NA,03:21:00,N,17130,0.4,-5,NA,2022
130,"Wednesday, Aug 31",CHW,H,KCR,W,4,2,NA,64-66,3,5.0,Lynn,Bubic,Hendriks,02:43:00,N,17168,0.27,1,NA,2022
131,"Thursday, Sep 1",CHW,H,KCR,W,7,1,NA,65-66,3,4.0,Cueto,Mengden,NA,03:22:00,D,15257,0.35,2,NA,2022
132,"Friday, Sep 2",CHW,H,MIN,W-wo,4,3,NA,66-66,3,3.0,Hendriks,López,NA,03:17:00,N,24818,0.55,3,NA,2022
133,"Saturday, Sep 3",CHW,H,MIN,W,13,0,NA,67-66,3,2.0,Cease,Mahle,NA,02:21:00,N,31655,0.75,4,NA,2022
134,"Sunday, Sep 4",CHW,H,MIN,L,1,5,NA,67-67,3,2.0,Bundy,Giolito,NA,03:21:00,D,32305,0.91,-1,NA,2022
142,"Tuesday, Sep 13",CHW,H,COL,W,4,2,NA,73-69,2,3.0,Kopech,Kuhl,Hendriks,02:40:00,N,23606,0.72,1,NA,2022
143,"Wednesday, Sep 14",CHW,H,COL,L,0,3,NA,73-70,2,4.0,Freeland,Cease,Bard,03:07:00,D,16654,0.76,-1,NA,2022
148,"Tuesday, Sep 20",CHW,H,CLE,L,7,10,11,76-72,2,5.0,Clase,Diekman,NA,03:57:00,N,23242,1.03,-1,NA,2022
149,"Wednesday, Sep 21",CHW,H,CLE,L,2,8,NA,76-73,2,6.0,McKenzie,Lynn,NA,02:31:00,N,22606,0.57,-2,NA,2022
150,"Thursday, Sep 22",CHW,H,CLE,L,2,4,NA,76-74,2,7.0,Bieber,Cueto,Clase,02:33:00,N,23395,0.28,-3,NA,2022
151,"Friday, Sep 23",CHW,H,DET,L,3,5,NA,76-75,2,8.0,Rodríguez,López,Soto,03:04:00,N,33257,0.07,-4,NA,2022
152,"Saturday, Sep 24",CHW,H,DET,L,2,7,NA,76-76,2,9.0,Hutchison,Martin,NA,03:01:00,N,36177,0.02,-5,NA,2022
153,"Sunday, Sep 25",CHW,H,DET,L,1,4,NA,76-77,2,10.0,Chafin,Graveman,Soto,03:04:00,D,33549,0,-6,NA,2022
160,"Monday, Oct 3",CHW,H,MIN,W,3,2,NA,80-80,2,10.0,Cueto,Jax,Hendriks,02:32:00,N,22891,0,2,NA,2022
161,"Tuesday, Oct 4",CHW,H,MIN,W,8,3,NA,81-80,2,10.0,Giolito,Winder,NA,02:52:00,N,24884,0,3,NA,2022
162,"Wednesday, Oct 5",CHW,H,MIN,L,1,10,NA,81-81,2,11.0,Varland,Martin,Sands,02:46:00,D,18918,0,-1,NA,2022
5,"Monday, Apr 3",CHW,H,SFG,L,3,12,NA,2-3,3,2.5,DeSclafani,Kopech,NA,02:36:00,D,34784,0.93,-1,NA,2023
6,"Wednesday, Apr 5",CHW,H,SFG,W,7,3,NA,3-3,3,1.5,Cease,Webb,NA,02:49:00,D,15980,0.89,1,NA,2023
7,"Thursday, Apr 6",CHW,H,SFG,L,6,16,NA,3-4,3,2.0,Junis,Lynn,NA,02:50:00,D,18261,0.88,-1,NA,2023
14,"Friday, Apr 14",CHW,H,BAL,L,3,6,NA,5-9,3,5.0,Baumann,López,Bautista,02:58:00,N,18941,0.82,-3,NA,2023
15,"Saturday, Apr 15",CHW,H,BAL,W-wo,7,6,10,6-9,3,4.0,Lambert,Gillaspie,NA,03:21:00,D,32091,0.76,1,NA,2023
16,"Sunday, Apr 16",CHW,H,BAL,L,4,8,NA,6-10,3,4.0,Baumann,Bummer,NA,02:46:00,D,13794,0.81,-1,NA,2023
17,"Tuesday, Apr 18 (1)",CHW,H,PHI,L,4,7,NA,6-11,4,3.5,Wheeler,Lynn,Alvarado,02:43:00,D,12542,0.75,-2,2023-04-17 (Wind),2023
18,"Tuesday, Apr 18 (2)",CHW,H,PHI,W,3,0,NA,7-11,4,3.5,Giolito,Falter,López,02:09:00,D,12542,0.7,1,NA,2023
19,"Wednesday, Apr 19",CHW,H,PHI,L,2,5,NA,7-12,4,4.5,Walker,Clevinger,Alvarado,02:23:00,D,10149,0.76,-1,NA,2023
26,"Thursday, Apr 27",CHW,H,TBR,L,5,14,NA,7-19,4,8.0,McClanahan,Cease,NA,02:44:00,N,11060,0.44,-8,NA,2023
27,"Friday, Apr 28",CHW,H,TBR,L,2,3,NA,7-20,4,9.0,Poche,Graveman,Kelly,02:36:00,N,16681,0.41,-9,NA,2023
28,"Saturday, Apr 29",CHW,H,TBR,L,3,12,NA,7-21,4,9.0,Chirinos,Lynn,NA,02:53:00,N,28462,0.35,-10,NA,2023
29,"Sunday, Apr 30",CHW,H,TBR,W-wo,12,9,NA,8-21,4,9.0,Bummer,Beeks,NA,03:24:00,D,17049,0.31,1,NA,2023
30,"Tuesday, May 2",CHW,H,MIN,W-wo,3,2,10,9-21,4,8.0,Lambert,Thielbar,NA,02:44:00,N,13094,0.39,2,NA,2023
31,"Wednesday, May 3",CHW,H,MIN,W,6,4,NA,10-21,4,7.0,Santos,Jax,Middleton,02:42:00,N,11468,0.45,3,NA,2023
32,"Thursday, May 4",CHW,H,MIN,L,3,7,12,10-22,4,8.0,Pagán,Colomé,NA,03:37:00,D,14650,0.5,-1,NA,2023
40,"Friday, May 12",CHW,H,HOU,L,1,5,NA,13-27,4,8.5,France,Kopech,NA,02:39:00,N,18673,0.33,-3,NA,2023
41,"Saturday, May 13",CHW,H,HOU,W,3,1,NA,14-27,4,8.5,Kelly,Montero,Graveman,02:37:00,N,23242,0.27,1,NA,2023
42,"Sunday, May 14",CHW,H,HOU,L,3,4,NA,14-28,4,9.5,Brown,Giolito,Pressly,02:33:00,D,18347,0.3,-1,NA,2023
43,"Tuesday, May 16",CHW,H,CLE,W,8,3,NA,15-28,4,9.0,Lynn,Bieber,NA,02:24:00,N,18459,0.29,1,NA,2023
44,"Wednesday, May 17",CHW,H,CLE,W,7,2,NA,16-28,4,8.0,Clevinger,Battenfield,NA,02:33:00,N,12241,0.3,2,NA,2023
45,"Thursday, May 18",CHW,H,CLE,L,1,3,NA,16-29,4,8.5,Sandlin,Cease,Clase,02:17:00,D,11900,0.36,-1,NA,2023
46,"Friday, May 19",CHW,H,KCR,W,2,0,NA,17-29,4,7.5,Kopech,Greinke,Graveman,02:06:00,N,20329,0.27,1,NA,2023
47,"Saturday, May 20",CHW,H,KCR,W,5,1,NA,18-29,4,7.5,Giolito,Lyles,NA,02:21:00,D,23984,0.3,2,NA,2023
48,"Sunday, May 21",CHW,H,KCR,W,5,2,NA,19-29,4,6.5,Lynn,Castillo,Kelly,02:26:00,D,23556,0.33,3,NA,2023
56,"Monday, May 29",CHW,H,LAA,L,4,6,NA,22-34,4,7.0,Canning,Kopech,Estévez,02:49:00,N,23599,0.35,-3,NA,2023
57,"Tuesday, May 30",CHW,H,LAA,W,7,3,NA,23-34,4,6.0,Giolito,Anderson,NA,02:43:00,N,22135,0.3,1,NA,2023
58,"Wednesday, May 31",CHW,H,LAA,L,5,12,NA,23-35,4,7.0,Barria,Lynn,Davidson,02:47:00,D,17015,0.33,-1,NA,2023
59,"Friday, Jun 2",CHW,H,DET,W,3,0,NA,24-35,4,7.5,Middleton,Olson,Graveman,02:32:00,N,20229,0.35,1,NA,2023
60,"Saturday, Jun 3",CHW,H,DET,W-wo,2,1,10,25-35,4,6.5,López,Cisnero,NA,02:42:00,D,24674,0.37,2,NA,2023
61,"Sunday, Jun 4",CHW,H,DET,W-wo,6,2,NA,26-35,4,5.5,Hendriks,Lange,NA,02:29:00,D,23372,0.44,3,NA,2023
65,"Friday, Jun 9",CHW,H,MIA,W-wo,2,1,NA,29-36,3,3.5,Hendriks,Floro,NA,02:27:00,N,21033,0.5,1,NA,2023
66,"Saturday, Jun 10",CHW,H,MIA,L,1,5,NA,29-37,3,4.5,Okert,Kelly,NA,02:55:00,D,25793,0.56,-1,NA,2023
67,"Sunday, Jun 11",CHW,H,MIA,L,5,6,NA,29-38,3,4.5,Hoeing,Graveman,Puk,02:37:00,D,20888,0.47,-2,NA,2023
74,"Monday, Jun 19",CHW,H,TEX,L,2,5,NA,31-43,4,5.5,Heaney,Banks,Smith,02:47:00,N,19554,0.4,-2,NA,2023
75,"Tuesday, Jun 20",CHW,H,TEX,W,7,6,NA,32-43,4,4.5,Graveman,Anderson,NA,02:55:00,N,21048,0.37,1,NA,2023
76,"Wednesday, Jun 21",CHW,H,TEX,L,3,6,NA,32-44,4,5.5,Pérez,Kopech,NA,02:26:00,N,18963,0.43,-1,NA,2023
77,"Friday, Jun 23",CHW,H,BOS,L,1,3,NA,32-45,4,7.0,Bello,Giolito,Jansen,02:27:00,N,27015,0.28,-2,NA,2023
78,"Saturday, Jun 24",CHW,H,BOS,W-wo,5,4,NA,33-45,4,6.0,Graveman,Jansen,NA,02:46:00,D,33054,0.28,1,NA,2023
79,"Sunday, Jun 25",CHW,H,BOS,W,4,1,NA,34-45,4,6.0,Scholtens,Crawford,Middleton,02:36:00,D,26077,0.31,2,NA,2023
87,"Tuesday, Jul 4",CHW,H,TOR,L,3,4,NA,37-50,4,7.0,Pearson,Kelly,Romano,02:43:00,N,32607,0.32,-1,NA,2023
88,"Thursday, Jul 6 (1)",CHW,H,TOR,L,2,6,11,37-51,4,8.5,Romano,Bummer,García,03:05:00,N,20258,0.25,-2,2023-07-05 (Rain),2023
89,"Thursday, Jul 6 (2)",CHW,H,TOR,L,4,5,NA,37-52,4,8.5,Jackson,Padilla,Pearson,02:33:00,N,20258,0.21,-3,NA,2023
90,"Friday, Jul 7",CHW,H,STL,W,8,7,NA,38-52,4,7.5,Middleton,Leahy,Graveman,02:57:00,N,27569,0.16,1,NA,2023
91,"Saturday, Jul 8",CHW,H,STL,L,0,3,NA,38-53,4,8.0,Mikolas,Toussaint,Hicks,02:28:00,D,26560,0.19,-1,NA,2023
92,"Sunday, Jul 9",CHW,H,STL,L,3,4,10,38-54,4,8.0,Romero,Middleton,NA,02:43:00,D,29769,0.16,-2,NA,2023
102,"Tuesday, Jul 25",CHW,H,CHC,L,3,7,NA,41-61,4,12.5,Hendricks,Kopech,Alzolay,02:42:00,N,37079,0.03,-4,NA,2023
103,"Wednesday, Jul 26",CHW,H,CHC,L,7,10,NA,41-62,4,12.5,Assad,Kelly,Alzolay,03:18:00,N,37214,0.03,-5,NA,2023
104,"Thursday, Jul 27",CHW,H,CLE,L,3,6,NA,41-63,4,13.0,Bibee,Cease,Clase,02:49:00,N,20893,0.03,-6,NA,2023
105,"Friday, Jul 28",CHW,H,CLE,W,3,0,NA,42-63,4,12.0,Toussaint,Curry,Santos,02:29:00,N,26654,0.02,1,NA,2023
106,"Saturday, Jul 29",CHW,H,CLE,W,7,2,NA,43-63,4,11.0,Clevinger,Allen,NA,02:26:00,N,26299,0.03,2,NA,2023
107,"Sunday, Jul 30",CHW,H,CLE,L,0,5,NA,43-64,4,11.0,Civale,Kopech,NA,02:21:00,D,28096,0.05,-1,NA,2023
114,"Monday, Aug 7",CHW,H,NYY,W,5,1,NA,46-68,4,14.0,Cease,Cole,Shaw,02:40:00,N,27574,0.01,3,NA,2023
115,"Tuesday, Aug 8",CHW,H,NYY,L,1,7,NA,46-69,4,14.0,Schmidt,Toussaint,NA,02:47:00,N,26446,0.01,-1,NA,2023
116,"Wednesday, Aug 9",CHW,H,NYY,W,9,2,NA,47-69,4,13.0,Clevinger,Severino,Santos,02:45:00,N,23377,0.01,1,NA,2023
117,"Friday, Aug 11",CHW,H,MIL,L,6,7,10,47-70,4,12.5,Williams,Lambert,Uribe,03:23:00,N,30059,0.01,-1,NA,2023
118,"Saturday, Aug 12",CHW,H,MIL,L,2,3,NA,47-71,4,13.5,Woodruff,Scholtens,Williams,02:33:00,N,29851,0.01,-2,NA,2023
119,"Sunday, Aug 13",CHW,H,MIL,L,3,7,NA,47-72,4,14.5,Peralta,Cease,NA,02:41:00,D,24495,0.01,-3,NA,2023
125,"Monday, Aug 21",CHW,H,SEA,L,2,14,NA,49-76,4,16.0,Castillo,Toussaint,NA,02:45:00,N,15275,0,-1,NA,2023
126,"Tuesday, Aug 22",CHW,H,SEA,L,3,6,NA,49-77,4,16.0,Topa,Clevinger,Muñoz,03:06:00,N,16070,0,-2,NA,2023
127,"Wednesday, Aug 23",CHW,H,SEA,W-wo,5,4,10,50-77,4,15.0,Peralta,Topa,NA,03:14:00,D,15759,0,1,NA,2023
128,"Thursday, Aug 24",CHW,H,OAK,L,5,8,NA,50-78,4,16.0,Erceg,Lambert,May,02:41:00,N,13247,0,-1,NA,2023
129,"Friday, Aug 25",CHW,H,OAK,L,4,12,NA,50-79,4,17.0,Neal,Cease,NA,02:48:00,N,21906,0,-2,NA,2023
130,"Saturday, Aug 26",CHW,H,OAK,W,6,2,NA,51-79,4,16.0,Toussaint,Sears,NA,02:45:00,N,21508,0,1,NA,2023
131,"Sunday, Aug 27",CHW,H,OAK,W,6,1,NA,52-79,4,16.0,Clevinger,Blackburn,NA,02:36:00,D,20236,0,2,NA,2023
135,"Friday, Sep 1",CHW,H,DET,L,2,4,NA,53-82,4,17.0,Rodríguez,Toussaint,Lange,02:43:00,N,15105,0,-1,NA,2023
136,"Saturday, Sep 2",CHW,H,DET,L,0,10,NA,53-83,4,18.0,Olson,Clevinger,NA,02:22:00,N,21186,0,-2,NA,2023
137,"Sunday, Sep 3",CHW,H,DET,L,2,3,NA,53-84,4,18.0,Skubal,Bummer,Lange,02:51:00,D,22246,0,-3,NA,2023
144,"Tuesday, Sep 12 (1)",CHW,H,KCR,W,6,2,NA,56-88,4,20.0,Cease,Singer,Santos,02:33:00,D,14824,0,1,2023-09-11 (Rain),2023
145,"Tuesday, Sep 12 (2)",CHW,H,KCR,L,10,11,NA,56-89,4,20.0,Clarke,García,Hernández,03:13:00,D,14824,0,-1,NA,2023
146,"Wednesday, Sep 13",CHW,H,KCR,L,1,7,NA,56-90,4,20.0,Marsh,Clevinger,NA,02:39:00,N,15593,0,-2,NA,2023
147,"Thursday, Sep 14",CHW,H,MIN,L,2,10,NA,56-91,4,21.0,Maeda,Ureña,NA,02:33:00,N,13233,0,-3,NA,2023
148,"Friday, Sep 15",CHW,H,MIN,L,2,10,NA,56-92,4,22.0,Ober,Scholtens,NA,02:56:00,N,18001,0,-4,NA,2023
149,"Saturday, Sep 16",CHW,H,MIN,W,7,6,NA,57-92,4,21.0,Toussaint,López,Banks,02:42:00,N,24964,0,1,NA,2023
150,"Sunday, Sep 17",CHW,H,MIN,L,0,4,NA,57-93,4,22.0,Gray,Cease,NA,02:31:00,D,17641,0,-1,NA,2023
157,"Tuesday, Sep 26",CHW,H,ARI,L,4,15,NA,60-97,4,24.0,Nelson,Ureña,NA,02:55:00,N,14339,0,-1,NA,2023
158,"Wednesday, Sep 27",CHW,H,ARI,L,0,3,NA,60-98,4,25.0,Pfaadt,Patiño,Sewald,02:28:00,D,14790,0,-2,NA,2023
159,"Thursday, Sep 28",CHW,H,ARI,W,3,1,NA,61-98,4,24.0,Banks,Jarvis,Shaw,02:16:00,D,23522,0,1,2023-09-25 (Postponed),2023
160,"Friday, Sep 29",CHW,H,SDP,L,2,3,NA,61-99,4,25.0,Martinez,Cease,Hader,03:04:00,N,20491,0,-1,NA,2023
161,"Saturday, Sep 30",CHW,H,SDP,L,1,6,NA,61-100,4,26.0,Wacha,Clevinger,NA,02:26:00,N,30118,0,-2,NA,2023
162,"Sunday, Oct 1",CHW,H,SDP,L,1,2,11,61-101,4,26.0,Hill,Cronin,NA,03:07:00,D,20588,0,-3,NA,2023
1,"Thursday, Mar 28",CHW,H,DET,L,0,1,NA,0-1,4,1.0,Skubal,Crochet,Foley,02:03:00,D,33420,0.99,-1,NA,2024
2,"Saturday, Mar 30",CHW,H,DET,L,6,7,10,0-2,4,2.5,Miller,García,NA,03:05:00,D,28176,0.96,-2,NA,2024
3,"Sunday, Mar 31",CHW,H,DET,L,2,3,NA,0-3,5,3.0,Holton,Wilson,Foley,02:41:00,D,17478,0.88,-3,NA,2024
4,"Monday, Apr 1",CHW,H,ATL,L,0,9,8,0-4,5,4.0,Morton,Flexen,NA,02:29:00,D,13781,0.77,-4,NA,2024
5,"Tuesday, Apr 2",CHW,H,ATL,W,3,2,NA,1-4,5,3.5,Crochet,Minter,Kopech,02:21:00,N,12300,0.71,1,NA,2024
13,"Friday, Apr 12",CHW,H,CIN,L,1,11,NA,2-11,5,7.5,Abbott,Flexen,NA,02:43:00,N,11337,0.48,-2,NA,2024
14,"Saturday, Apr 13",CHW,H,CIN,L,0,5,NA,2-12,5,7.5,Lodolo,Crochet,NA,02:29:00,D,22598,0.44,-3,NA,2024
15,"Sunday, Apr 14",CHW,H,CIN,L,4,11,NA,2-13,5,8.0,Ashcraft,Soroka,NA,02:57:00,D,17589,0.43,-4,NA,2024
16,"Monday, Apr 15",CHW,H,KCR,L,0,2,NA,2-14,5,9.0,Lugo,Nastrini,McArthur,02:17:00,N,10569,0.43,-5,NA,2024
17,"Wednesday, Apr 17 (1)",CHW,H,KCR,L,2,4,NA,2-15,5,9.0,Anderson,Kopech,McArthur,02:31:00,D,10412,0.35,-6,NA,2024
18,"Wednesday, Apr 17 (2)",CHW,H,KCR,W,2,1,NA,3-15,5,9.0,Fedde,Wacha,García,02:16:00,D,10412,0.3,1,NA,2024
26,"Friday, Apr 26",CHW,H,TBR,W,9,4,NA,4-22,5,14.0,Flexen,Eflin,NA,02:41:00,N,10323,0.12,1,NA,2024
27,"Saturday, Apr 27",CHW,H,TBR,W-wo,8,7,10,5-22,5,14.0,García,Maton,NA,02:59:00,N,28009,0.14,2,NA,2024
28,"Sunday, Apr 28",CHW,H,TBR,W,4,2,NA,6-22,5,13.0,Fedde,Littell,Leasure,02:06:00,D,12669,0.15,3,NA,2024
29,"Monday, Apr 29",CHW,H,MIN,L,2,3,NA,6-23,5,13.5,Jax,Brebbia,Thielbar,02:34:00,N,10772,0.19,-1,NA,2024
30,"Tuesday, Apr 30",CHW,H,MIN,L,5,6,NA,6-24,5,13.5,Thielbar,Kopech,Duran,03:04:00,N,11609,0.16,-2,NA,2024
31,"Wednesday, May 1",CHW,H,MIN,L,5,10,NA,6-25,5,14.5,Ober,Leone,NA,02:48:00,D,12216,0.13,-3,NA,2024
38,"Thursday, May 9",CHW,H,CLE,W,3,2,NA,10-28,5,14.0,Fedde,Lively,Kopech,02:22:00,N,10495,0.09,2,NA,2024
39,"Friday, May 10",CHW,H,CLE,W,6,3,NA,11-28,5,13.0,Crochet,Carrasco,Leasure,02:15:00,N,17319,0.1,3,NA,2024
40,"Saturday, May 11",CHW,H,CLE,W,3,1,NA,12-28,5,12.0,Hill,McKenzie,Brebbia,02:16:00,N,26152,0.12,4,NA,2024
41,"Sunday, May 12",CHW,H,CLE,L,0,7,NA,12-29,5,13.0,Allen,Soroka,NA,02:12:00,D,15529,0.14,-1,NA,2024
42,"Tuesday, May 14 (1)",CHW,H,WSN,L,3,6,NA,12-30,5,14.0,Law,Brebbia,Finnegan,02:42:00,D,11138,0.1,-2,NA,2024
43,"Tuesday, May 14 (2)",CHW,H,WSN,W,4,0,NA,13-30,5,14.0,Fedde,Parker,NA,02:15:00,D,11138,0.1,1,NA,2024
44,"Wednesday, May 15",CHW,H,WSN,W,2,0,NA,14-30,5,13.0,Crochet,Corbin,Kopech,02:16:00,D,11008,0.11,2,NA,2024
51,"Thursday, May 23",CHW,H,BAL,L,6,8,NA,15-36,5,18.5,Rodriguez,Clevinger,Kimbrel,03:09:00,N,15843,0.05,-2,NA,2024
52,"Friday, May 24",CHW,H,BAL,L,4,6,NA,15-37,5,19.5,Cano,Brebbia,Kimbrel,02:57:00,N,18831,0.04,-3,NA,2024
53,"Saturday, May 25",CHW,H,BAL,L,3,5,NA,15-38,5,20.5,Tate,Kopech,Pérez,02:51:00,D,22283,0.03,-4,NA,2024
54,"Sunday, May 26",CHW,H,BAL,L,1,4,NA,15-39,5,21.5,Bradish,Crochet,Kimbrel,02:31:00,D,14992,0.02,-5,NA,2024
55,"Monday, May 27",CHW,H,TOR,L,1,5,NA,15-40,5,21.5,Bassitt,Nastrini,NA,02:40:00,D,14993,0.01,-6,NA,2024
56,"Tuesday, May 28",CHW,H,TOR,L,2,7,NA,15-41,5,22.5,Gausman,Woodford,NA,02:48:00,N,11852,0.01,-7,NA,2024
57,"Wednesday, May 29",CHW,H,TOR,L,1,3,NA,15-42,5,22.5,Richards,Flexen,Romano,02:31:00,N,11599,0.01,-8,NA,2024
63,"Thursday, Jun 6",CHW,H,BOS,L,2,14,NA,15-48,5,26.0,Houck,Woodford,NA,02:39:00,N,15568,0,-14,NA,2024
64,"Friday, Jun 7",CHW,H,BOS,W,7,2,NA,16-48,5,25.0,Crochet,Criswell,Cannon,02:32:00,N,19684,0,1,NA,2024
65,"Saturday, Jun 8",CHW,H,BOS,W,6,1,NA,17-48,5,25.0,Banks,Bello,NA,02:51:00,D,26248,0,2,NA,2024
66,"Sunday, Jun 9",CHW,H,BOS,L,4,6,10,17-49,5,26.0,Jansen,Soroka,Booser,03:22:00,D,21055,0,-1,NA,2024
74,"Tuesday, Jun 18",CHW,H,HOU,W,2,0,NA,20-54,5,26.0,Cannon,Valdez,Brebbia,02:02:00,N,16763,0,1,NA,2024
75,"Wednesday, Jun 19",CHW,H,HOU,L,1,4,NA,20-55,5,27.0,Brown,Crochet,Hader,02:20:00,N,14124,0,-1,NA,2024
76,"Thursday, Jun 20",CHW,H,HOU,L,3,5,NA,20-56,5,28.0,Scott,Wilson,Hader,02:50:00,D,14435,0,-2,NA,2024
80,"Monday, Jun 24",CHW,H,LAD,L,0,3,NA,21-59,5,31.0,Hudson,Wilson,Vesia,02:28:00,N,25070,0,-2,NA,2024
81,"Tuesday, Jun 25",CHW,H,LAD,L,3,4,NA,21-60,5,32.0,Petersen,Flexen,Phillips,02:49:00,N,23662,0,-3,NA,2024
82,"Wednesday, Jun 26",CHW,H,LAD,L,0,4,NA,21-61,5,32.0,Stone,Fedde,NA,02:02:00,N,36225,0,-4,NA,2024
83,"Thursday, Jun 27",CHW,H,ATL,W,1,0,NA,22-61,5,31.0,Shuster,Sale,Kopech,02:14:00,D,12656,0,1,NA,2024
84,"Friday, Jun 28",CHW,H,COL,W,5,3,NA,23-61,5,30.0,Thorpe,Hudson,Kopech,02:18:00,N,24422,0,2,NA,2024
85,"Saturday, Jun 29",CHW,H,COL,W,11,3,NA,24-61,5,30.0,Banks,Quantrill,NA,02:36:00,D,21490,0,3,NA,2024
86,"Sunday, Jun 30",CHW,H,COL,L,4,5,14,24-62,5,30.0,Beeks,Soroka,NA,03:25:00,D,19334,0,-1,NA,2024
93,"Monday, Jul 8",CHW,H,MIN,L,6,8,11,26-67,5,32.0,Duran,Shuster,Funderburk,03:18:00,N,10881,0,-3,NA,2024
94,"Wednesday, Jul 10 (1)",CHW,H,MIN,W,3,1,NA,27-67,5,32.0,Fedde,Ober,Kopech,02:05:00,D,13607,0,1,NA,2024
95,"Wednesday, Jul 10 (2)",CHW,H,MIN,L,2,3,NA,27-68,5,32.0,Okert,Soroka,Duran,02:23:00,D,13607,0,-1,NA,2024
96,"Friday, Jul 12",CHW,H,PIT,L,1,4,NA,27-69,5,31.5,Gonzales,Cannon,Bednar,02:11:00,N,19548,0,-2,NA,2024
97,"Saturday, Jul 13",CHW,H,PIT,L,2,6,NA,27-70,5,32.5,Nicolas,Flexen,NA,02:39:00,D,20437,0,-3,NA,2024
98,"Sunday, Jul 14",CHW,H,PIT,L,4,9,NA,27-71,5,32.5,Priester,Kuhl,NA,02:47:00,D,16501,0,-4,NA,2024
106,"Friday, Jul 26",CHW,H,SEA,L,0,10,NA,27-79,5,36.5,Kirby,Thorpe,NA,02:27:00,N,20170,0,-12,NA,2024
107,"Saturday, Jul 27",CHW,H,SEA,L,3,6,NA,27-80,5,36.5,Snider,Fedde,Muñoz,02:58:00,N,21037,0,-13,NA,2024
108,"Sunday, Jul 28",CHW,H,SEA,L,3,6,NA,27-81,5,37.5,Miller,Crochet,Muñoz,02:32:00,D,17100,0,-14,NA,2024
109,"Monday, Jul 29",CHW,H,KCR,L,5,8,NA,27-82,5,38.5,Stratton,Brebbia,McArthur,02:49:00,N,12179,0,-15,NA,2024
110,"Tuesday, Jul 30",CHW,H,KCR,L,3,4,NA,27-83,5,39.5,Wacha,Ellard,Long,02:18:00,N,15360,0,-16,NA,2024
111,"Wednesday, Jul 31",CHW,H,KCR,L,3,10,NA,27-84,5,40.0,Singer,Thorpe,NA,02:21:00,D,14112,0,-17,NA,2024
118,"Friday, Aug 9",CHW,H,CHC,L,6,7,NA,28-90,5,40.0,Taillon,Crochet,Neris,02:51:00,N,38127,0,-2,NA,2024
119,"Saturday, Aug 10",CHW,H,CHC,L,1,3,NA,28-91,5,41.0,Hodge,Kuhl,Neris,02:56:00,N,38341,0,-3,NA,2024
120,"Monday, Aug 12",CHW,H,NYY,W,12,2,NA,29-91,5,41.5,Toussaint,Gil,NA,03:00:00,N,22815,0,1,NA,2024
121,"Tuesday, Aug 13",CHW,H,NYY,L,1,4,NA,29-92,5,42.5,Cortés,Cannon,Cousins,02:40:00,N,21199,0,-1,NA,2024
122,"Wednesday, Aug 14",CHW,H,NYY,L,2,10,NA,29-93,5,43.5,Hill,Leone,Tonkin,02:59:00,N,22675,0,-2,NA,2024
129,"Friday, Aug 23",CHW,H,DET,L,2,5,NA,31-98,5,42.5,Vest,Ellard,Foley,02:53:00,N,24012,0,-1,NA,2024
130,"Saturday, Aug 24",CHW,H,DET,L,4,13,NA,31-99,5,43.5,Skubal,Bush,NA,02:47:00,N,23570,0,-2,NA,2024
131,"Sunday, Aug 25",CHW,H,DET,L,4,9,NA,31-100,5,44.5,Sammons,Cannon,NA,02:57:00,D,16928,0,-3,NA,2024
132,"Monday, Aug 26",CHW,H,DET,L,3,6,NA,31-101,5,44.0,Guenther,Shuster,Holton,02:40:00,N,10975,0,-4,NA,2024
133,"Tuesday, Aug 27",CHW,H,TEX,L,1,3,NA,31-102,5,44.0,Festa,Flexen,Yates,02:31:00,D,NA,0,-5,NA,2024
134,"Wednesday, Aug 28",CHW,H,TEX,L,3,4,NA,31-103,5,45.0,Ureña,Anderson,Anderson,02:35:00,N,11285,0,-6,NA,2024
135,"Thursday, Aug 29",CHW,H,TEX,L,1,2,NA,31-104,5,45.5,Eovaldi,Nastrini,Yates,02:33:00,D,10402,0,-7,NA,2024
136,"Friday, Aug 30",CHW,H,NYM,L,1,5,NA,31-105,5,46.5,Megill,Cannon,NA,02:36:00,N,15288,0,-8,NA,2024
137,"Saturday, Aug 31",CHW,H,NYM,L,3,5,NA,31-106,5,46.5,Quintana,Martin,Buttó,02:49:00,N,18627,0,-9,NA,2024
138,"Sunday, Sep 1",CHW,H,NYM,L,0,2,NA,31-107,5,47.5,Manaea,Crochet,Díaz,02:18:00,D,16887,0,-10,NA,2024
145,"Monday, Sep 9",CHW,H,CLE,L,3,5,NA,33-112,5,49.5,Cantillo,Shuster,Clase,02:50:00,N,11429,0,-1,NA,2024
146,"Tuesday, Sep 10",CHW,H,CLE,L,0,5,NA,33-113,5,50.5,Avila,Cannon,NA,02:37:00,N,12246,0,-2,NA,2024
147,"Wednesday, Sep 11",CHW,H,CLE,L,4,6,NA,33-114,5,51.5,Sandlin,Martin,Clase,03:00:00,D,11252,0,-3,NA,2024
148,"Friday, Sep 13",CHW,H,OAK,L,0,2,NA,33-115,5,51.0,Basso,Crochet,Miller,02:20:00,N,26513,0,-4,NA,2024
149,"Saturday, Sep 14",CHW,H,OAK,W-wo,7,6,NA,34-115,5,51.0,Varland,Harris,NA,03:02:00,N,21478,0,1,NA,2024
150,"Sunday, Sep 15",CHW,H,OAK,W,4,3,NA,35-115,5,51.0,Burke,Sears,Ellard,02:13:00,D,18017,0,2,NA,2024
157,"Tuesday, Sep 24",CHW,H,LAA,W,3,2,NA,37-120,5,53.5,Berroa,Strickland,Anderson,02:06:00,N,17606,0,1,NA,2024
158,"Wednesday, Sep 25",CHW,H,LAA,W-wo,4,3,10,38-120,5,53.5,Shuster,Quijada,NA,02:53:00,N,18423,0,2,NA,2024
159,"Thursday, Sep 26",CHW,H,LAA,W,7,0,NA,39-120,5,53.0,Flexen,Anderson,NA,02:30:00,D,15678,0,3,NA,2024
1,"Thursday, Mar 27",CHW,H,LAA,W,8,1,NA,1-0,1,Tied,Burke,Kikuchi,NA,02:21:00,D,31403,0.95,1,NA,2025
2,"Saturday, Mar 29",CHW,H,LAA,L,0,1,NA,1-1,1,Tied,Soriano,Clevinger,Jansen,02:19:00,D,20602,0.97,-1,NA,2025
3,"Sunday, Mar 30",CHW,H,LAA,L,2,3,NA,1-2,2,1.0,Joyce,Booser,Jansen,02:15:00,D,19591,0.94,-2,NA,2025
4,"Monday, Mar 31",CHW,H,MIN,W,9,0,NA,2-2,1,Tied,Pérez,Paddack,NA,02:28:00,D,10423,0.94,1,NA,2025
5,"Tuesday, Apr 1",CHW,H,MIN,L,3,8,NA,2-3,1,Tied,Varland,Murfee,NA,02:54:00,N,12089,0.95,-1,NA,2025
6,"Wednesday, Apr 2",CHW,H,MIN,L,1,6,NA,2-4,1,Tied,López,Burke,NA,02:17:00,D,10193,0.95,-2,NA,2025
13,"Friday, Apr 11",CHW,H,BOS,W,11,1,NA,3-10,5,5.0,Martin,Newcomb,NA,02:46:00,N,13432,0.6,1,NA,2025
14,"Saturday, Apr 12",CHW,H,BOS,W-wo,3,2,NA,4-10,4,5.0,Gilbert,Chapman,NA,02:46:00,D,30423,0.65,2,NA,2025
15,"Sunday, Apr 13",CHW,H,BOS,L,1,3,NA,4-11,5,5.0,Crochet,Smith,Chapman,02:20:00,D,18840,0.68,-1,NA,2025
16,"Tuesday, Apr 15",CHW,H,OAK,L,3,12,NA,4-12,5,5.5,Springs,Burke,Spence,02:37:00,N,10673,0.63,-2,NA,2025
17,"Wednesday, Apr 16",CHW,H,OAK,L,1,3,NA,4-13,5,5.5,Bido,Gilbert,Miller,02:47:00,N,10411,0.55,-3,NA,2025
18,"Thursday, Apr 17",CHW,H,OAK,L,0,8,NA,4-14,5,6.5,Sears,Martin,NA,02:35:00,D,10560,0.54,-4,NA,2025
29,"Tuesday, Apr 29",CHW,H,MIL,L,2,7,NA,7-22,5,10.5,Peralta,Wilson,NA,02:49:00,N,14904,0.26,-2,NA,2025
30,"Wednesday, Apr 30",CHW,H,MIL,L,4,6,NA,7-23,5,11.5,Koenig,Booser,Megill,02:52:00,N,10253,0.24,-3,NA,2025
31,"Thursday, May 1",CHW,H,MIL,W,8,0,NA,8-23,5,11.5,Burke,Patrick,NA,02:18:00,D,11917,0.2,1,NA,2025
32,"Friday, May 2",CHW,H,HOU,W,7,3,NA,9-23,5,11.5,Cannon,Valdez,NA,02:38:00,N,13866,0.24,2,NA,2025
33,"Saturday, May 3",CHW,H,HOU,L,3,8,NA,9-24,5,11.5,Brown,Ellard,NA,02:37:00,D,20874,0.26,-1,NA,2025
34,"Sunday, May 4",CHW,H,HOU,W,5,4,7,10-24,5,11.5,Vasil,Okert,NA,02:30:00,D,19418,0.22,1,NA,2025
39,"Friday, May 9",CHW,H,MIA,W,6,2,NA,11-28,5,15.0,Booser,Meyer,NA,02:32:00,N,18992,0.12,1,NA,2025
40,"Saturday, May 10",CHW,H,MIA,L,1,3,NA,11-29,5,15.0,Faucher,Leasure,Tinoco,02:41:00,N,24264,0.11,-1,NA,2025
41,"Sunday, May 11",CHW,H,MIA,W,4,2,NA,12-29,5,14.0,Vasil,Alcantara,Booser,02:34:00,D,16805,0.11,1,NA,2025
48,"Monday, May 19",CHW,H,SEA,L,1,5,NA,14-34,5,17.0,Castillo,Martin,Muñoz,02:28:00,N,10380,0.09,-5,NA,2025
49,"Tuesday, May 20",CHW,H,SEA,W,1,0,NA,15-34,5,17.0,Houser,Lawrence,Leasure,02:25:00,N,11983,0.08,1,NA,2025
50,"Wednesday, May 21",CHW,H,SEA,L,5,6,NA,15-35,5,18.0,Legumina,Vasil,Muñoz,02:43:00,D,10556,0.08,-1,NA,2025
51,"Friday, May 23",CHW,H,TEX,W,4,1,NA,16-35,5,16.5,Burke,Mahle,Wilson,02:32:00,N,17885,0.07,1,NA,2025
52,"Saturday, May 24",CHW,H,TEX,W,10,5,NA,17-35,5,15.5,Vasil,Milner,NA,03:06:00,D,19240,0.07,2,NA,2025
53,"Sunday, May 25",CHW,H,TEX,L,4,5,NA,17-36,5,16.5,Armstrong,Leasure,Garcia,02:36:00,D,20908,0.07,-1,NA,2025
60,"Monday, Jun 2",CHW,H,DET,L,1,13,NA,18-42,5,21.5,Flaherty,Cannon,NA,02:34:00,N,11852,0.03,-4,NA,2025
61,"Tuesday, Jun 3",CHW,H,DET,W,8,1,NA,19-42,5,20.5,Smith,Hurter,NA,02:46:00,N,12308,0.02,1,NA,2025
62,"Wednesday, Jun 4",CHW,H,DET,L,4,5,NA,19-43,5,21.5,Vest,Eisert,Kahnle,02:57:00,N,12381,0.03,-1,NA,2025
63,"Thursday, Jun 5",CHW,H,DET,W-wo,3,2,10,20-43,5,20.5,Wilson,Brieske,NA,02:55:00,D,11630,0.02,1,NA,2025
64,"Friday, Jun 6",CHW,H,KCR,W,7,2,NA,21-43,5,20.5,Leasure,Bowlan,NA,02:31:00,N,36916,0.02,2,NA,2025
65,"Saturday, Jun 7",CHW,H,KCR,W,4,1,NA,22-43,5,19.5,Houser,Wacha,Altavilla,02:24:00,D,19099,0.03,3,NA,2025
66,"Sunday, Jun 8",CHW,H,KCR,L,5,7,NA,22-44,5,20.5,Lorenzen,Alexander,Estévez,02:48:00,D,22137,0.04,-1,NA,2025
73,"Tuesday, Jun 17",CHW,H,STL,L,2,12,NA,23-50,5,23.5,Liberatore,Smith,NA,02:32:00,N,16974,0.01,-6,NA,2025
74,"Thursday, Jun 19 (1)",CHW,H,STL,L,4,5,NA,23-51,5,24.5,Granillo,Booser,Helsley,02:55:00,D,20816,0,-7,NA,2025
75,"Thursday, Jun 19 (2)",CHW,H,STL,L,6,8,10,23-52,5,24.5,Romero,Altavilla,Granillo,02:54:00,D,20816,0,-8,NA,2025
79,"Monday, Jun 23",CHW,H,ARI,L,0,10,NA,25-54,5,24.0,Rodríguez,Smith,DeSclafani,02:39:00,N,12579,0,-1,NA,2025
80,"Tuesday, Jun 24",CHW,H,ARI,L,1,4,NA,25-55,5,25.0,Thompson,Vasil,Miller,02:31:00,N,13001,0,-2,NA,2025
81,"Wednesday, Jun 25",CHW,H,ARI,W,7,3,NA,26-55,5,24.0,Burke,Gallen,NA,02:30:00,D,10217,0,1,NA,2025
82,"Friday, Jun 27",CHW,H,SFG,L,1,3,NA,26-56,5,24.5,Roupp,Alexander,Doval,02:42:00,N,27549,0,-1,NA,2025
83,"Saturday, Jun 28",CHW,H,SFG,W,1,0,NA,27-56,5,24.5,Houser,Ray,Taylor,02:09:00,D,20090,0,1,NA,2025
84,"Sunday, Jun 29",CHW,H,SFG,W,5,2,NA,28-56,5,24.5,Gilbert,Miller,Vasil,02:46:00,D,20225,0,2,NA,2025
91,"Monday, Jul 7",CHW,H,TOR,L,4,8,NA,30-61,5,27.5,Berríos,Burke,NA,02:30:00,N,13292,0,-2,NA,2025
92,"Tuesday, Jul 8",CHW,H,TOR,L,1,6,7,30-62,5,28.5,Bassitt,Civale,NA,02:00:00,N,13027,0,-3,NA,2025
93,"Wednesday, Jul 9",CHW,H,TOR,W,2,1,NA,31-62,5,27.5,Houser,Lauer,Leasure,02:29:00,D,11123,0,1,NA,2025
94,"Friday, Jul 11 (1)",CHW,H,CLE,L,2,4,NA,31-63,5,27.0,Allen,Alexander,Clase,02:06:00,D,12869,0,-1,NA,2025
95,"Friday, Jul 11 (2)",CHW,H,CLE,W-wo,5,4,11,32-63,5,27.0,Vasil,Allard,NA,03:40:00,N,25084,0,1,NA,2025
96,"Saturday, Jul 12",CHW,H,CLE,L,2,6,NA,32-64,5,27.0,Bibee,Leasure,NA,02:51:00,D,21785,0,-1,NA,2025
97,"Sunday, Jul 13",CHW,H,CLE,L,5,6,10,32-65,5,27.0,Clase,Eisert,NA,02:54:00,D,24680,0,-2,NA,2025
104,"Friday, Jul 25",CHW,H,CHC,W,12,5,NA,38-66,5,21.5,Houser,Imanaga,NA,02:52:00,N,38762,0,2,NA,2025
105,"Saturday, Jul 26",CHW,H,CHC,L,1,6,NA,38-67,5,21.5,Horton,Leasure,NA,02:35:00,N,38432,0,-1,NA,2025
106,"Sunday, Jul 27",CHW,H,CHC,L,4,5,NA,38-68,5,22.5,Brown,Taylor,Palencia,02:48:00,D,38036,0,-2,NA,2025
107,"Monday, Jul 28",CHW,H,PHI,W,6,2,NA,39-68,5,22.5,Martin,Sánchez,NA,02:24:00,N,15106,0,1,NA,2025
108,"Tuesday, Jul 29",CHW,H,PHI,L,3,6,NA,39-69,5,23.5,Luzardo,Cannon,NA,02:14:00,N,20730,0,-1,NA,2025
109,"Wednesday, Jul 30",CHW,H,PHI,W,9,3,NA,40-69,5,23.5,Vasil,Lazar,NA,02:36:00,D,12718,0,1,NA,2025
116,"Friday, Aug 8",CHW,H,CLE,L,5,9,NA,42-74,5,24.5,Bibee,Civale,NA,02:50:00,N,21007,0,-5,NA,2025
117,"Saturday, Aug 9",CHW,H,CLE,L,1,3,NA,42-75,5,24.5,Cantillo,Burke,Smith,02:46:00,N,17893,0,-6,NA,2025
118,"Sunday, Aug 10",CHW,H,CLE,W,6,4,NA,43-75,5,24.5,Martin,Cecconi,Taylor,02:29:00,D,19750,0,1,NA,2025
119,"Monday, Aug 11",CHW,H,DET,L,1,2,NA,43-76,5,25.5,Finnegan,Eisert,Vest,02:23:00,N,16054,0,-1,NA,2025
120,"Tuesday, Aug 12",CHW,H,DET,W,9,6,NA,44-76,5,24.5,Gómez,Flaherty,Leasure,03:23:00,N,19494,0,1,NA,2025
121,"Wednesday, Aug 13",CHW,H,DET,L,0,1,NA,44-77,5,25.5,Melton,Pérez,Vest,02:19:00,D,13647,0,-1,NA,2025
128,"Friday, Aug 22",CHW,H,MIN,L,7,9,NA,45-83,5,31.0,Funderburk,Eisert,Topa,03:16:00,N,22372,0,-3,NA,2025
129,"Saturday, Aug 23",CHW,H,MIN,W,7,3,NA,46-83,5,31.0,Martin,Abel,NA,02:19:00,N,16998,0,1,NA,2025
130,"Sunday, Aug 24",CHW,H,MIN,W,8,0,NA,47-83,5,30.0,Eisert,Bradley,NA,02:39:00,D,18723,0,2,NA,2025
131,"Monday, Aug 25",CHW,H,KCR,W,7,0,NA,48-83,5,29.0,Smith,Cameron,NA,02:00:00,N,10444,0,3,NA,2025
132,"Tuesday, Aug 26",CHW,H,KCR,L,4,5,NA,48-84,5,29.0,Long,Taylor,Estévez,02:40:00,N,10907,0,-1,NA,2025
133,"Wednesday, Aug 27",CHW,H,KCR,L,1,12,NA,48-85,5,29.0,Bergert,Civale,NA,02:39:00,N,10598,0,-2,NA,2025
134,"Thursday, Aug 28",CHW,H,NYY,L,4,10,NA,48-86,5,29.5,Warren,Alexander,NA,02:47:00,N,18187,0,-3,NA,2025
135,"Friday, Aug 29",CHW,H,NYY,L,2,10,NA,48-87,5,30.5,Rodón,Gómez,NA,03:05:00,N,28069,0,-4,NA,2025
136,"Saturday, Aug 30",CHW,H,NYY,L,3,5,11,48-88,5,30.5,Bednar,Alexander,Doval,03:13:00,N,26624,0,-5,NA,2025
137,"Sunday, Aug 31",CHW,H,NYY,W,3,2,NA,49-88,5,30.5,Booser,Hill,Vasil,02:30:00,D,27810,0,1,NA,2025
145,"Tuesday, Sep 9",CHW,H,TBR,L,4,5,NA,55-90,5,28.0,Kelly,Alexander,Fairbanks,02:34:00,N,12487,0,-1,NA,2025
146,"Wednesday, Sep 10",CHW,H,TBR,W,6,5,NA,56-90,5,28.0,Leasure,Montgomery,Gilbert,02:47:00,N,12099,0,1,NA,2025
147,"Thursday, Sep 11",CHW,H,TBR,W,5,1,NA,57-90,5,27.0,Smith,Seymour,NA,02:51:00,D,11850,0,2,NA,2025
151,"Monday, Sep 15",CHW,H,BAL,L,1,4,NA,57-94,5,28.5,Bradish,Wilson,Enns,02:50:00,N,11020,0,-4,NA,2025
152,"Tuesday, Sep 16",CHW,H,BAL,L,7,8,NA,57-95,5,28.5,Kremer,Smith,Akin,03:05:00,N,12428,0,-5,NA,2025
153,"Wednesday, Sep 17",CHW,H,BAL,L,1,3,NA,57-96,5,28.5,Wells,Pérez,Akin,02:42:00,D,10919,0,-6,NA,2025
154,"Friday, Sep 19",CHW,H,SDP,W,4,3,NA,58-96,5,27.0,Martin,Cease,Taylor,02:11:00,N,30505,0,1,NA,2025
155,"Saturday, Sep 20",CHW,H,SDP,L,3,7,NA,58-97,5,27.0,Morejón,Gómez,NA,02:54:00,N,27345,0,-1,NA,2025
156,"Sunday, Sep 21",CHW,H,SDP,L,2,3,NA,58-98,5,27.0,King,Burke,Suarez,02:42:00,D,24205,0,-2,NA,2025
